﻿{
  "ProviderId": "Microsoft.VisualStudio.ConnectedService.Wcf",
  "Version": "15.0.30515.712",
  "GettingStartedDocument": {
    "Uri": "https://go.microsoft.com/fwlink/?linkid=858517"
  },
  "ExtendedData": {
    "inputs": [
      "https://services.nbg.gov.ge/Rates/Service.asmx"
    ],
    "collectionTypes": [
      "System.Array",
      "System.Collections.Generic.Dictionary`2"
    ],
    "namespaceMappings": [
      "*, ServiceReference1"
    ],
    "references": [
      "Microsoft.CSharp, {Microsoft.NETCore.App, 2.2.0}",
      "Microsoft.VisualBasic, {Microsoft.NETCore.App, 2.2.0}",
      "Microsoft.Win32.Primitives, {Microsoft.NETCore.App, 2.2.0}",
      "mscorlib, {Microsoft.NETCore.App, 2.2.0}",
      "netstandard, {Microsoft.NETCore.App, 2.2.0}",
      "System, {Microsoft.NETCore.App, 2.2.0}",
      "System.AppContext, {Microsoft.NETCore.App, 2.2.0}",
      "System.Buffers, {Microsoft.NETCore.App, 2.2.0}",
      "System.Collections, {Microsoft.NETCore.App, 2.2.0}",
      "System.Collections.Concurrent, {Microsoft.NETCore.App, 2.2.0}",
      "System.Collections.Immutable, {Microsoft.NETCore.App, 2.2.0}",
      "System.Collections.NonGeneric, {Microsoft.NETCore.App, 2.2.0}",
      "System.Collections.Specialized, {Microsoft.NETCore.App, 2.2.0}",
      "System.ComponentModel, {Microsoft.NETCore.App, 2.2.0}",
      "System.ComponentModel.Annotations, {Microsoft.NETCore.App, 2.2.0}",
      "System.ComponentModel.DataAnnotations, {Microsoft.NETCore.App, 2.2.0}",
      "System.ComponentModel.EventBasedAsync, {Microsoft.NETCore.App, 2.2.0}",
      "System.ComponentModel.Primitives, {Microsoft.NETCore.App, 2.2.0}",
      "System.ComponentModel.TypeConverter, {Microsoft.NETCore.App, 2.2.0}",
      "System.Configuration, {Microsoft.NETCore.App, 2.2.0}",
      "System.Console, {Microsoft.NETCore.App, 2.2.0}",
      "System.Core, {Microsoft.NETCore.App, 2.2.0}",
      "System.Data, {Microsoft.NETCore.App, 2.2.0}",
      "System.Data.Common, {Microsoft.NETCore.App, 2.2.0}",
      "System.Diagnostics.Contracts, {Microsoft.NETCore.App, 2.2.0}",
      "System.Diagnostics.Debug, {Microsoft.NETCore.App, 2.2.0}",
      "System.Diagnostics.DiagnosticSource, {Microsoft.NETCore.App, 2.2.0}",
      "System.Diagnostics.FileVersionInfo, {Microsoft.NETCore.App, 2.2.0}",
      "System.Diagnostics.Process, {Microsoft.NETCore.App, 2.2.0}",
      "System.Diagnostics.StackTrace, {Microsoft.NETCore.App, 2.2.0}",
      "System.Diagnostics.TextWriterTraceListener, {Microsoft.NETCore.App, 2.2.0}",
      "System.Diagnostics.Tools, {Microsoft.NETCore.App, 2.2.0}",
      "System.Diagnostics.TraceSource, {Microsoft.NETCore.App, 2.2.0}",
      "System.Diagnostics.Tracing, {Microsoft.NETCore.App, 2.2.0}",
      "System.Drawing, {Microsoft.NETCore.App, 2.2.0}",
      "System.Drawing.Primitives, {Microsoft.NETCore.App, 2.2.0}",
      "System.Dynamic.Runtime, {Microsoft.NETCore.App, 2.2.0}",
      "System.Globalization, {Microsoft.NETCore.App, 2.2.0}",
      "System.Globalization.Calendars, {Microsoft.NETCore.App, 2.2.0}",
      "System.Globalization.Extensions, {Microsoft.NETCore.App, 2.2.0}",
      "System.IO, {Microsoft.NETCore.App, 2.2.0}",
      "System.IO.Compression, {Microsoft.NETCore.App, 2.2.0}",
      "System.IO.Compression.Brotli, {Microsoft.NETCore.App, 2.2.0}",
      "System.IO.Compression.FileSystem, {Microsoft.NETCore.App, 2.2.0}",
      "System.IO.Compression.ZipFile, {Microsoft.NETCore.App, 2.2.0}",
      "System.IO.FileSystem, {Microsoft.NETCore.App, 2.2.0}",
      "System.IO.FileSystem.DriveInfo, {Microsoft.NETCore.App, 2.2.0}",
      "System.IO.FileSystem.Primitives, {Microsoft.NETCore.App, 2.2.0}",
      "System.IO.FileSystem.Watcher, {Microsoft.NETCore.App, 2.2.0}",
      "System.IO.IsolatedStorage, {Microsoft.NETCore.App, 2.2.0}",
      "System.IO.MemoryMappedFiles, {Microsoft.NETCore.App, 2.2.0}",
      "System.IO.Pipes, {Microsoft.NETCore.App, 2.2.0}",
      "System.IO.UnmanagedMemoryStream, {Microsoft.NETCore.App, 2.2.0}",
      "System.Linq, {Microsoft.NETCore.App, 2.2.0}",
      "System.Linq.Expressions, {Microsoft.NETCore.App, 2.2.0}",
      "System.Linq.Parallel, {Microsoft.NETCore.App, 2.2.0}",
      "System.Linq.Queryable, {Microsoft.NETCore.App, 2.2.0}",
      "System.Memory, {Microsoft.NETCore.App, 2.2.0}",
      "System.Net, {Microsoft.NETCore.App, 2.2.0}",
      "System.Net.Http, {Microsoft.NETCore.App, 2.2.0}",
      "System.Net.HttpListener, {Microsoft.NETCore.App, 2.2.0}",
      "System.Net.Mail, {Microsoft.NETCore.App, 2.2.0}",
      "System.Net.NameResolution, {Microsoft.NETCore.App, 2.2.0}",
      "System.Net.NetworkInformation, {Microsoft.NETCore.App, 2.2.0}",
      "System.Net.Ping, {Microsoft.NETCore.App, 2.2.0}",
      "System.Net.Primitives, {Microsoft.NETCore.App, 2.2.0}",
      "System.Net.Requests, {Microsoft.NETCore.App, 2.2.0}",
      "System.Net.Security, {Microsoft.NETCore.App, 2.2.0}",
      "System.Net.ServicePoint, {Microsoft.NETCore.App, 2.2.0}",
      "System.Net.Sockets, {Microsoft.NETCore.App, 2.2.0}",
      "System.Net.WebClient, {Microsoft.NETCore.App, 2.2.0}",
      "System.Net.WebHeaderCollection, {Microsoft.NETCore.App, 2.2.0}",
      "System.Net.WebProxy, {Microsoft.NETCore.App, 2.2.0}",
      "System.Net.WebSockets, {Microsoft.NETCore.App, 2.2.0}",
      "System.Net.WebSockets.Client, {Microsoft.NETCore.App, 2.2.0}",
      "System.Numerics, {Microsoft.NETCore.App, 2.2.0}",
      "System.Numerics.Vectors, {Microsoft.NETCore.App, 2.2.0}",
      "System.ObjectModel, {Microsoft.NETCore.App, 2.2.0}",
      "System.Reflection, {Microsoft.NETCore.App, 2.2.0}",
      "System.Reflection.DispatchProxy, {Microsoft.NETCore.App, 2.2.0}",
      "System.Reflection.Emit, {Microsoft.NETCore.App, 2.2.0}",
      "System.Reflection.Emit.ILGeneration, {Microsoft.NETCore.App, 2.2.0}",
      "System.Reflection.Emit.Lightweight, {Microsoft.NETCore.App, 2.2.0}",
      "System.Reflection.Extensions, {Microsoft.NETCore.App, 2.2.0}",
      "System.Reflection.Metadata, {Microsoft.NETCore.App, 2.2.0}",
      "System.Reflection.Primitives, {Microsoft.NETCore.App, 2.2.0}",
      "System.Reflection.TypeExtensions, {Microsoft.NETCore.App, 2.2.0}",
      "System.Resources.Reader, {Microsoft.NETCore.App, 2.2.0}",
      "System.Resources.ResourceManager, {Microsoft.NETCore.App, 2.2.0}",
      "System.Resources.Writer, {Microsoft.NETCore.App, 2.2.0}",
      "System.Runtime, {Microsoft.NETCore.App, 2.2.0}",
      "System.Runtime.CompilerServices.VisualC, {Microsoft.NETCore.App, 2.2.0}",
      "System.Runtime.Extensions, {Microsoft.NETCore.App, 2.2.0}",
      "System.Runtime.Handles, {Microsoft.NETCore.App, 2.2.0}",
      "System.Runtime.InteropServices, {Microsoft.NETCore.App, 2.2.0}",
      "System.Runtime.InteropServices.RuntimeInformation, {Microsoft.NETCore.App, 2.2.0}",
      "System.Runtime.InteropServices.WindowsRuntime, {Microsoft.NETCore.App, 2.2.0}",
      "System.Runtime.Loader, {Microsoft.NETCore.App, 2.2.0}",
      "System.Runtime.Numerics, {Microsoft.NETCore.App, 2.2.0}",
      "System.Runtime.Serialization, {Microsoft.NETCore.App, 2.2.0}",
      "System.Runtime.Serialization.Formatters, {Microsoft.NETCore.App, 2.2.0}",
      "System.Runtime.Serialization.Json, {Microsoft.NETCore.App, 2.2.0}",
      "System.Runtime.Serialization.Primitives, {Microsoft.NETCore.App, 2.2.0}",
      "System.Runtime.Serialization.Xml, {Microsoft.NETCore.App, 2.2.0}",
      "System.Security, {Microsoft.NETCore.App, 2.2.0}",
      "System.Security.Claims, {Microsoft.NETCore.App, 2.2.0}",
      "System.Security.Cryptography.Algorithms, {Microsoft.NETCore.App, 2.2.0}",
      "System.Security.Cryptography.Csp, {Microsoft.NETCore.App, 2.2.0}",
      "System.Security.Cryptography.Encoding, {Microsoft.NETCore.App, 2.2.0}",
      "System.Security.Cryptography.Primitives, {Microsoft.NETCore.App, 2.2.0}",
      "System.Security.Cryptography.X509Certificates, {Microsoft.NETCore.App, 2.2.0}",
      "System.Security.Principal, {Microsoft.NETCore.App, 2.2.0}",
      "System.Security.SecureString, {Microsoft.NETCore.App, 2.2.0}",
      "System.ServiceModel.Web, {Microsoft.NETCore.App, 2.2.0}",
      "System.ServiceProcess, {Microsoft.NETCore.App, 2.2.0}",
      "System.Text.Encoding, {Microsoft.NETCore.App, 2.2.0}",
      "System.Text.Encoding.Extensions, {Microsoft.NETCore.App, 2.2.0}",
      "System.Text.RegularExpressions, {Microsoft.NETCore.App, 2.2.0}",
      "System.Threading, {Microsoft.NETCore.App, 2.2.0}",
      "System.Threading.Overlapped, {Microsoft.NETCore.App, 2.2.0}",
      "System.Threading.Tasks, {Microsoft.NETCore.App, 2.2.0}",
      "System.Threading.Tasks.Dataflow, {Microsoft.NETCore.App, 2.2.0}",
      "System.Threading.Tasks.Extensions, {Microsoft.NETCore.App, 2.2.0}",
      "System.Threading.Tasks.Parallel, {Microsoft.NETCore.App, 2.2.0}",
      "System.Threading.Thread, {Microsoft.NETCore.App, 2.2.0}",
      "System.Threading.ThreadPool, {Microsoft.NETCore.App, 2.2.0}",
      "System.Threading.Timer, {Microsoft.NETCore.App, 2.2.0}",
      "System.Transactions, {Microsoft.NETCore.App, 2.2.0}",
      "System.Transactions.Local, {Microsoft.NETCore.App, 2.2.0}",
      "System.ValueTuple, {Microsoft.NETCore.App, 2.2.0}",
      "System.Web, {Microsoft.NETCore.App, 2.2.0}",
      "System.Web.HttpUtility, {Microsoft.NETCore.App, 2.2.0}",
      "System.Windows, {Microsoft.NETCore.App, 2.2.0}",
      "System.Xml, {Microsoft.NETCore.App, 2.2.0}",
      "System.Xml.Linq, {Microsoft.NETCore.App, 2.2.0}",
      "System.Xml.ReaderWriter, {Microsoft.NETCore.App, 2.2.0}",
      "System.Xml.Serialization, {Microsoft.NETCore.App, 2.2.0}",
      "System.Xml.XDocument, {Microsoft.NETCore.App, 2.2.0}",
      "System.Xml.XmlDocument, {Microsoft.NETCore.App, 2.2.0}",
      "System.Xml.XmlSerializer, {Microsoft.NETCore.App, 2.2.0}",
      "System.Xml.XPath, {Microsoft.NETCore.App, 2.2.0}",
      "System.Xml.XPath.XDocument, {Microsoft.NETCore.App, 2.2.0}",
      "WindowsBase, {Microsoft.NETCore.App, 2.2.0}"
    ],
    "targetFramework": "netcoreapp2.2",
    "typeReuseMode": "All"
  }
}